Handle,Title,Body (HTML),Vendor,Type,Tags,Published,Option1 Name,Option1 Value,Variant SKU,Variant Inventory Tracker,Variant Inventory Policy,Variant Fulfillment Service,Variant Price,Variant Compare At Price,Variant Requires Shipping,Variant Taxable,Status
lampe-chauffe-bougie-lueur,"Lampe Chauffe-Bougie Lueur - Sans flamme, avec variateur","<p>Lampe chauffe-bougie sans flamme, hauteur reglable 26-34 cm, variateur et minuteur. Fait fondre la cire par le dessus : pas de suie, pas de flamme, et une bougie qui dure jusqu'a deux fois plus longtemps. 2 ampoules GU10 fournies. 220-240 V, prise francaise, notice en francais.</p>",Lueur Maison,Luminaire d'ambiance,"hero, hiver, chauffe-bougie, cadeau, deco, parfum-maison",FALSE,Couleur,Noir mat,LUEUR-CWL-NOIR,shopify,deny,manual,44.90,69.90,TRUE,TRUE,draft
lampe-chauffe-bougie-lueur,,,,,,,,Blanc ivoire,LUEUR-CWL-IVOIRE,shopify,deny,manual,44.90,69.90,TRUE,TRUE,draft
lampe-chauffe-bougie-lueur,,,,,,,,Laiton brosse,LUEUR-CWL-LAITON,shopify,deny,manual,49.90,74.90,TRUE,TRUE,draft
coffret-lueur,Coffret Lueur - Lampe chauffe-bougie + 2 bougies parfumees,"<p>Coffret cadeau : la lampe chauffe-bougie Lueur, 2 bougies parfumees 180 g (Bois de cedre, Vanille &amp; ambre) et 2 ampoules GU10. Pret a offrir.</p>",Lueur Maison,Coffret cadeau,"hiver, chauffe-bougie, cadeau, coffret, noel, parfum-maison",FALSE,Couleur,Noir mat,LUEUR-BOX-NOIR,shopify,deny,manual,59.90,84.70,TRUE,TRUE,draft
coffret-lueur,,,,,,,,Blanc ivoire,LUEUR-BOX-IVOIRE,shopify,deny,manual,59.90,84.70,TRUE,TRUE,draft
bougie-parfumee-lueur-180g,Bougie parfumee Lueur 180 g - cire de soja,"<p>Bougie 180 g en cire de soja, pot verre 8 cm de diametre, compatible lampe chauffe-bougie. Environ 40 h a la flamme, jusqu'a 80 h sur la lampe.</p>",Lueur Maison,Bougie parfumee,"accessoire, bougie, parfum-maison, upsell",FALSE,Parfum,Bois de cedre,LUEUR-BOUGIE-CEDRE,shopify,deny,manual,19.90,,TRUE,TRUE,draft
bougie-parfumee-lueur-180g,,,,,,,,Vanille & ambre,LUEUR-BOUGIE-VANILLE,shopify,deny,manual,19.90,,TRUE,TRUE,draft
bougie-parfumee-lueur-180g,,,,,,,,Figue & cassis,LUEUR-BOUGIE-FIGUE,shopify,deny,manual,19.90,,TRUE,TRUE,draft
ampoules-gu10-lot-de-2,Ampoules de rechange GU10 - lot de 2,"<p>Lot de 2 ampoules halogenes GU10 35 W, 2700 K, compatibles variateur. Duree de vie environ 2000 h.</p>",Lueur Maison,Accessoire,"accessoire, ampoule, upsell, rechange",FALSE,Title,Lot de 2,LUEUR-AMP-GU10-X2,shopify,deny,manual,9.90,,TRUE,TRUE,draft
